<?xml version="1.0" encoding="UTF-8" standalone="yes"?>
<instance>
    <info>
        <dataset>Solomon 1987 — Set C1</dataset>
        <name>C106_025</name>
    </info>
    <network>
        <nodes>
            <node id="0" type="0">
                <cx>40.0</cx>
                <cy>50.0</cy>
            </node>
            <node id="1" type="1">
                <cx>45.0</cx>
                <cy>68.0</cy>
            </node>
            <node id="2" type="1">
                <cx>45.0</cx>
                <cy>70.0</cy>
            </node>
            <node id="3" type="1">
                <cx>42.0</cx>
                <cy>66.0</cy>
            </node>
            <node id="4" type="1">
                <cx>42.0</cx>
                <cy>68.0</cy>
            </node>
            <node id="5" type="1">
                <cx>42.0</cx>
                <cy>65.0</cy>
            </node>
            <node id="6" type="1">
                <cx>40.0</cx>
                <cy>69.0</cy>
            </node>
            <node id="7" type="1">
                <cx>40.0</cx>
                <cy>66.0</cy>
            </node>
            <node id="8" type="1">
                <cx>38.0</cx>
                <cy>68.0</cy>
            </node>
            <node id="9" type="1">
                <cx>38.0</cx>
                <cy>70.0</cy>
            </node>
            <node id="10" type="1">
                <cx>35.0</cx>
                <cy>66.0</cy>
            </node>
            <node id="11" type="1">
                <cx>35.0</cx>
                <cy>69.0</cy>
            </node>
            <node id="12" type="1">
                <cx>25.0</cx>
                <cy>85.0</cy>
            </node>
            <node id="13" type="1">
                <cx>22.0</cx>
                <cy>75.0</cy>
            </node>
            <node id="14" type="1">
                <cx>22.0</cx>
                <cy>85.0</cy>
            </node>
            <node id="15" type="1">
                <cx>20.0</cx>
                <cy>80.0</cy>
            </node>
            <node id="16" type="1">
                <cx>20.0</cx>
                <cy>85.0</cy>
            </node>
            <node id="17" type="1">
                <cx>18.0</cx>
                <cy>75.0</cy>
            </node>
            <node id="18" type="1">
                <cx>15.0</cx>
                <cy>75.0</cy>
            </node>
            <node id="19" type="1">
                <cx>15.0</cx>
                <cy>80.0</cy>
            </node>
            <node id="20" type="1">
                <cx>30.0</cx>
                <cy>50.0</cy>
            </node>
            <node id="21" type="1">
                <cx>30.0</cx>
                <cy>52.0</cy>
            </node>
            <node id="22" type="1">
                <cx>28.0</cx>
                <cy>52.0</cy>
            </node>
            <node id="23" type="1">
                <cx>28.0</cx>
                <cy>55.0</cy>
            </node>
            <node id="24" type="1">
                <cx>25.0</cx>
                <cy>50.0</cy>
            </node>
            <node id="25" type="1">
                <cx>25.0</cx>
                <cy>52.0</cy>
            </node>
        </nodes>
        <euclidean/>
        <decimals>0</decimals>
    </network>
    <fleet>
        <vehicle_profile type="0" number="25">
            <departure_node>0</departure_node>
            <arrival_node>0</arrival_node>
            <capacity>200.0</capacity>
            <max_travel_time>1236.0</max_travel_time>
        </vehicle_profile>
    </fleet>
    <requests>
        <request id="1" node="1">
            <tw>
                <start>890</start>
                <end>989</end>
            </tw>
            <quantity>10.0</quantity>
            <service_time>90.0</service_time>
        </request>
        <request id="2" node="2">
            <tw>
                <start>816</start>
                <end>879</end>
            </tw>
            <quantity>30.0</quantity>
            <service_time>90.0</service_time>
        </request>
        <request id="3" node="3">
            <tw>
                <start>55</start>
                <end>156</end>
            </tw>
            <quantity>10.0</quantity>
            <service_time>90.0</service_time>
        </request>
        <request id="4" node="4">
            <tw>
                <start>703</start>
                <end>806</end>
            </tw>
            <quantity>10.0</quantity>
            <service_time>90.0</service_time>
        </request>
        <request id="5" node="5">
            <tw>
                <start>15</start>
                <end>60</end>
            </tw>
            <quantity>10.0</quantity>
            <service_time>90.0</service_time>
        </request>
        <request id="6" node="6">
            <tw>
                <start>559</start>
                <end>764</end>
            </tw>
            <quantity>20.0</quantity>
            <service_time>90.0</service_time>
        </request>
        <request id="7" node="7">
            <tw>
                <start>172</start>
                <end>223</end>
            </tw>
            <quantity>20.0</quantity>
            <service_time>90.0</service_time>
        </request>
        <request id="8" node="8">
            <tw>
                <start>250</start>
                <end>329</end>
            </tw>
            <quantity>20.0</quantity>
            <service_time>90.0</service_time>
        </request>
        <request id="9" node="9">
            <tw>
                <start>489</start>
                <end>650</end>
            </tw>
            <quantity>10.0</quantity>
            <service_time>90.0</service_time>
        </request>
        <request id="10" node="10">
            <tw>
                <start>361</start>
                <end>406</end>
            </tw>
            <quantity>10.0</quantity>
            <service_time>90.0</service_time>
        </request>
        <request id="11" node="11">
            <tw>
                <start>450</start>
                <end>503</end>
            </tw>
            <quantity>10.0</quantity>
            <service_time>90.0</service_time>
        </request>
        <request id="12" node="12">
            <tw>
                <start>647</start>
                <end>726</end>
            </tw>
            <quantity>20.0</quantity>
            <service_time>90.0</service_time>
        </request>
        <request id="13" node="13">
            <tw>
                <start>30</start>
                <end>95</end>
            </tw>
            <quantity>30.0</quantity>
            <service_time>90.0</service_time>
        </request>
        <request id="14" node="14">
            <tw>
                <start>571</start>
                <end>616</end>
            </tw>
            <quantity>10.0</quantity>
            <service_time>90.0</service_time>
        </request>
        <request id="15" node="15">
            <tw>
                <start>392</start>
                <end>421</end>
            </tw>
            <quantity>40.0</quantity>
            <service_time>90.0</service_time>
        </request>
        <request id="16" node="16">
            <tw>
                <start>478</start>
                <end>525</end>
            </tw>
            <quantity>40.0</quantity>
            <service_time>90.0</service_time>
        </request>
        <request id="17" node="17">
            <tw>
                <start>105</start>
                <end>142</end>
            </tw>
            <quantity>20.0</quantity>
            <service_time>90.0</service_time>
        </request>
        <request id="18" node="18">
            <tw>
                <start>172</start>
                <end>261</end>
            </tw>
            <quantity>20.0</quantity>
            <service_time>90.0</service_time>
        </request>
        <request id="19" node="19">
            <tw>
                <start>274</start>
                <end>349</end>
            </tw>
            <quantity>10.0</quantity>
            <service_time>90.0</service_time>
        </request>
        <request id="20" node="20">
            <tw>
                <start>10</start>
                <end>77</end>
            </tw>
            <quantity>10.0</quantity>
            <service_time>90.0</service_time>
        </request>
        <request id="21" node="21">
            <tw>
                <start>918</start>
                <end>961</end>
            </tw>
            <quantity>20.0</quantity>
            <service_time>90.0</service_time>
        </request>
        <request id="22" node="22">
            <tw>
                <start>806</start>
                <end>889</end>
            </tw>
            <quantity>20.0</quantity>
            <service_time>90.0</service_time>
        </request>
        <request id="23" node="23">
            <tw>
                <start>739</start>
                <end>770</end>
            </tw>
            <quantity>10.0</quantity>
            <service_time>90.0</service_time>
        </request>
        <request id="24" node="24">
            <tw>
                <start>55</start>
                <end>154</end>
            </tw>
            <quantity>10.0</quantity>
            <service_time>90.0</service_time>
        </request>
        <request id="25" node="25">
            <tw>
                <start>172</start>
                <end>221</end>
            </tw>
            <quantity>40.0</quantity>
            <service_time>90.0</service_time>
        </request>
    </requests>
</instance>
