<?xml version="1.0" encoding="UTF-8" standalone="yes"?>
<instance>
    <info>
        <dataset>Solomon 1987 — Set C1</dataset>
        <name>C106_100</name>
    </info>
    <network>
        <nodes>
            <node id="0" type="0">
                <cx>40.0</cx>
                <cy>50.0</cy>
            </node>
            <node id="1" type="1">
                <cx>45.0</cx>
                <cy>68.0</cy>
            </node>
            <node id="2" type="1">
                <cx>45.0</cx>
                <cy>70.0</cy>
            </node>
            <node id="3" type="1">
                <cx>42.0</cx>
                <cy>66.0</cy>
            </node>
            <node id="4" type="1">
                <cx>42.0</cx>
                <cy>68.0</cy>
            </node>
            <node id="5" type="1">
                <cx>42.0</cx>
                <cy>65.0</cy>
            </node>
            <node id="6" type="1">
                <cx>40.0</cx>
                <cy>69.0</cy>
            </node>
            <node id="7" type="1">
                <cx>40.0</cx>
                <cy>66.0</cy>
            </node>
            <node id="8" type="1">
                <cx>38.0</cx>
                <cy>68.0</cy>
            </node>
            <node id="9" type="1">
                <cx>38.0</cx>
                <cy>70.0</cy>
            </node>
            <node id="10" type="1">
                <cx>35.0</cx>
                <cy>66.0</cy>
            </node>
            <node id="11" type="1">
                <cx>35.0</cx>
                <cy>69.0</cy>
            </node>
            <node id="12" type="1">
                <cx>25.0</cx>
                <cy>85.0</cy>
            </node>
            <node id="13" type="1">
                <cx>22.0</cx>
                <cy>75.0</cy>
            </node>
            <node id="14" type="1">
                <cx>22.0</cx>
                <cy>85.0</cy>
            </node>
            <node id="15" type="1">
                <cx>20.0</cx>
                <cy>80.0</cy>
            </node>
            <node id="16" type="1">
                <cx>20.0</cx>
                <cy>85.0</cy>
            </node>
            <node id="17" type="1">
                <cx>18.0</cx>
                <cy>75.0</cy>
            </node>
            <node id="18" type="1">
                <cx>15.0</cx>
                <cy>75.0</cy>
            </node>
            <node id="19" type="1">
                <cx>15.0</cx>
                <cy>80.0</cy>
            </node>
            <node id="20" type="1">
                <cx>30.0</cx>
                <cy>50.0</cy>
            </node>
            <node id="21" type="1">
                <cx>30.0</cx>
                <cy>52.0</cy>
            </node>
            <node id="22" type="1">
                <cx>28.0</cx>
                <cy>52.0</cy>
            </node>
            <node id="23" type="1">
                <cx>28.0</cx>
                <cy>55.0</cy>
            </node>
            <node id="24" type="1">
                <cx>25.0</cx>
                <cy>50.0</cy>
            </node>
            <node id="25" type="1">
                <cx>25.0</cx>
                <cy>52.0</cy>
            </node>
            <node id="26" type="1">
                <cx>25.0</cx>
                <cy>55.0</cy>
            </node>
            <node id="27" type="1">
                <cx>23.0</cx>
                <cy>52.0</cy>
            </node>
            <node id="28" type="1">
                <cx>23.0</cx>
                <cy>55.0</cy>
            </node>
            <node id="29" type="1">
                <cx>20.0</cx>
                <cy>50.0</cy>
            </node>
            <node id="30" type="1">
                <cx>20.0</cx>
                <cy>55.0</cy>
            </node>
            <node id="31" type="1">
                <cx>10.0</cx>
                <cy>35.0</cy>
            </node>
            <node id="32" type="1">
                <cx>10.0</cx>
                <cy>40.0</cy>
            </node>
            <node id="33" type="1">
                <cx>8.0</cx>
                <cy>40.0</cy>
            </node>
            <node id="34" type="1">
                <cx>8.0</cx>
                <cy>45.0</cy>
            </node>
            <node id="35" type="1">
                <cx>5.0</cx>
                <cy>35.0</cy>
            </node>
            <node id="36" type="1">
                <cx>5.0</cx>
                <cy>45.0</cy>
            </node>
            <node id="37" type="1">
                <cx>2.0</cx>
                <cy>40.0</cy>
            </node>
            <node id="38" type="1">
                <cx>0.0</cx>
                <cy>40.0</cy>
            </node>
            <node id="39" type="1">
                <cx>0.0</cx>
                <cy>45.0</cy>
            </node>
            <node id="40" type="1">
                <cx>35.0</cx>
                <cy>30.0</cy>
            </node>
            <node id="41" type="1">
                <cx>35.0</cx>
                <cy>32.0</cy>
            </node>
            <node id="42" type="1">
                <cx>33.0</cx>
                <cy>32.0</cy>
            </node>
            <node id="43" type="1">
                <cx>33.0</cx>
                <cy>35.0</cy>
            </node>
            <node id="44" type="1">
                <cx>32.0</cx>
                <cy>30.0</cy>
            </node>
            <node id="45" type="1">
                <cx>30.0</cx>
                <cy>30.0</cy>
            </node>
            <node id="46" type="1">
                <cx>30.0</cx>
                <cy>32.0</cy>
            </node>
            <node id="47" type="1">
                <cx>30.0</cx>
                <cy>35.0</cy>
            </node>
            <node id="48" type="1">
                <cx>28.0</cx>
                <cy>30.0</cy>
            </node>
            <node id="49" type="1">
                <cx>28.0</cx>
                <cy>35.0</cy>
            </node>
            <node id="50" type="1">
                <cx>26.0</cx>
                <cy>32.0</cy>
            </node>
            <node id="51" type="1">
                <cx>25.0</cx>
                <cy>30.0</cy>
            </node>
            <node id="52" type="1">
                <cx>25.0</cx>
                <cy>35.0</cy>
            </node>
            <node id="53" type="1">
                <cx>44.0</cx>
                <cy>5.0</cy>
            </node>
            <node id="54" type="1">
                <cx>42.0</cx>
                <cy>10.0</cy>
            </node>
            <node id="55" type="1">
                <cx>42.0</cx>
                <cy>15.0</cy>
            </node>
            <node id="56" type="1">
                <cx>40.0</cx>
                <cy>5.0</cy>
            </node>
            <node id="57" type="1">
                <cx>40.0</cx>
                <cy>15.0</cy>
            </node>
            <node id="58" type="1">
                <cx>38.0</cx>
                <cy>5.0</cy>
            </node>
            <node id="59" type="1">
                <cx>38.0</cx>
                <cy>15.0</cy>
            </node>
            <node id="60" type="1">
                <cx>35.0</cx>
                <cy>5.0</cy>
            </node>
            <node id="61" type="1">
                <cx>50.0</cx>
                <cy>30.0</cy>
            </node>
            <node id="62" type="1">
                <cx>50.0</cx>
                <cy>35.0</cy>
            </node>
            <node id="63" type="1">
                <cx>50.0</cx>
                <cy>40.0</cy>
            </node>
            <node id="64" type="1">
                <cx>48.0</cx>
                <cy>30.0</cy>
            </node>
            <node id="65" type="1">
                <cx>48.0</cx>
                <cy>40.0</cy>
            </node>
            <node id="66" type="1">
                <cx>47.0</cx>
                <cy>35.0</cy>
            </node>
            <node id="67" type="1">
                <cx>47.0</cx>
                <cy>40.0</cy>
            </node>
            <node id="68" type="1">
                <cx>45.0</cx>
                <cy>30.0</cy>
            </node>
            <node id="69" type="1">
                <cx>45.0</cx>
                <cy>35.0</cy>
            </node>
            <node id="70" type="1">
                <cx>95.0</cx>
                <cy>30.0</cy>
            </node>
            <node id="71" type="1">
                <cx>95.0</cx>
                <cy>35.0</cy>
            </node>
            <node id="72" type="1">
                <cx>53.0</cx>
                <cy>30.0</cy>
            </node>
            <node id="73" type="1">
                <cx>92.0</cx>
                <cy>30.0</cy>
            </node>
            <node id="74" type="1">
                <cx>53.0</cx>
                <cy>35.0</cy>
            </node>
            <node id="75" type="1">
                <cx>45.0</cx>
                <cy>65.0</cy>
            </node>
            <node id="76" type="1">
                <cx>90.0</cx>
                <cy>35.0</cy>
            </node>
            <node id="77" type="1">
                <cx>88.0</cx>
                <cy>30.0</cy>
            </node>
            <node id="78" type="1">
                <cx>88.0</cx>
                <cy>35.0</cy>
            </node>
            <node id="79" type="1">
                <cx>87.0</cx>
                <cy>30.0</cy>
            </node>
            <node id="80" type="1">
                <cx>85.0</cx>
                <cy>25.0</cy>
            </node>
            <node id="81" type="1">
                <cx>85.0</cx>
                <cy>35.0</cy>
            </node>
            <node id="82" type="1">
                <cx>75.0</cx>
                <cy>55.0</cy>
            </node>
            <node id="83" type="1">
                <cx>72.0</cx>
                <cy>55.0</cy>
            </node>
            <node id="84" type="1">
                <cx>70.0</cx>
                <cy>58.0</cy>
            </node>
            <node id="85" type="1">
                <cx>68.0</cx>
                <cy>60.0</cy>
            </node>
            <node id="86" type="1">
                <cx>66.0</cx>
                <cy>55.0</cy>
            </node>
            <node id="87" type="1">
                <cx>65.0</cx>
                <cy>55.0</cy>
            </node>
            <node id="88" type="1">
                <cx>65.0</cx>
                <cy>60.0</cy>
            </node>
            <node id="89" type="1">
                <cx>63.0</cx>
                <cy>58.0</cy>
            </node>
            <node id="90" type="1">
                <cx>60.0</cx>
                <cy>55.0</cy>
            </node>
            <node id="91" type="1">
                <cx>60.0</cx>
                <cy>60.0</cy>
            </node>
            <node id="92" type="1">
                <cx>67.0</cx>
                <cy>85.0</cy>
            </node>
            <node id="93" type="1">
                <cx>65.0</cx>
                <cy>85.0</cy>
            </node>
            <node id="94" type="1">
                <cx>65.0</cx>
                <cy>82.0</cy>
            </node>
            <node id="95" type="1">
                <cx>62.0</cx>
                <cy>80.0</cy>
            </node>
            <node id="96" type="1">
                <cx>60.0</cx>
                <cy>80.0</cy>
            </node>
            <node id="97" type="1">
                <cx>60.0</cx>
                <cy>85.0</cy>
            </node>
            <node id="98" type="1">
                <cx>58.0</cx>
                <cy>75.0</cy>
            </node>
            <node id="99" type="1">
                <cx>55.0</cx>
                <cy>80.0</cy>
            </node>
            <node id="100" type="1">
                <cx>55.0</cx>
                <cy>85.0</cy>
            </node>
        </nodes>
        <euclidean/>
        <decimals>0</decimals>
    </network>
    <fleet>
        <vehicle_profile type="0" number="25">
            <departure_node>0</departure_node>
            <arrival_node>0</arrival_node>
            <capacity>200.0</capacity>
            <max_travel_time>1236.0</max_travel_time>
        </vehicle_profile>
    </fleet>
    <requests>
        <request id="1" node="1">
            <tw>
                <start>890</start>
                <end>989</end>
            </tw>
            <quantity>10.0</quantity>
            <service_time>90.0</service_time>
        </request>
        <request id="2" node="2">
            <tw>
                <start>816</start>
                <end>879</end>
            </tw>
            <quantity>30.0</quantity>
            <service_time>90.0</service_time>
        </request>
        <request id="3" node="3">
            <tw>
                <start>55</start>
                <end>156</end>
            </tw>
            <quantity>10.0</quantity>
            <service_time>90.0</service_time>
        </request>
        <request id="4" node="4">
            <tw>
                <start>703</start>
                <end>806</end>
            </tw>
            <quantity>10.0</quantity>
            <service_time>90.0</service_time>
        </request>
        <request id="5" node="5">
            <tw>
                <start>15</start>
                <end>60</end>
            </tw>
            <quantity>10.0</quantity>
            <service_time>90.0</service_time>
        </request>
        <request id="6" node="6">
            <tw>
                <start>559</start>
                <end>764</end>
            </tw>
            <quantity>20.0</quantity>
            <service_time>90.0</service_time>
        </request>
        <request id="7" node="7">
            <tw>
                <start>172</start>
                <end>223</end>
            </tw>
            <quantity>20.0</quantity>
            <service_time>90.0</service_time>
        </request>
        <request id="8" node="8">
            <tw>
                <start>250</start>
                <end>329</end>
            </tw>
            <quantity>20.0</quantity>
            <service_time>90.0</service_time>
        </request>
        <request id="9" node="9">
            <tw>
                <start>489</start>
                <end>650</end>
            </tw>
            <quantity>10.0</quantity>
            <service_time>90.0</service_time>
        </request>
        <request id="10" node="10">
            <tw>
                <start>361</start>
                <end>406</end>
            </tw>
            <quantity>10.0</quantity>
            <service_time>90.0</service_time>
        </request>
        <request id="11" node="11">
            <tw>
                <start>450</start>
                <end>503</end>
            </tw>
            <quantity>10.0</quantity>
            <service_time>90.0</service_time>
        </request>
        <request id="12" node="12">
            <tw>
                <start>647</start>
                <end>726</end>
            </tw>
            <quantity>20.0</quantity>
            <service_time>90.0</service_time>
        </request>
        <request id="13" node="13">
            <tw>
                <start>30</start>
                <end>95</end>
            </tw>
            <quantity>30.0</quantity>
            <service_time>90.0</service_time>
        </request>
        <request id="14" node="14">
            <tw>
                <start>571</start>
                <end>616</end>
            </tw>
            <quantity>10.0</quantity>
            <service_time>90.0</service_time>
        </request>
        <request id="15" node="15">
            <tw>
                <start>392</start>
                <end>421</end>
            </tw>
            <quantity>40.0</quantity>
            <service_time>90.0</service_time>
        </request>
        <request id="16" node="16">
            <tw>
                <start>478</start>
                <end>525</end>
            </tw>
            <quantity>40.0</quantity>
            <service_time>90.0</service_time>
        </request>
        <request id="17" node="17">
            <tw>
                <start>105</start>
                <end>142</end>
            </tw>
            <quantity>20.0</quantity>
            <service_time>90.0</service_time>
        </request>
        <request id="18" node="18">
            <tw>
                <start>172</start>
                <end>261</end>
            </tw>
            <quantity>20.0</quantity>
            <service_time>90.0</service_time>
        </request>
        <request id="19" node="19">
            <tw>
                <start>274</start>
                <end>349</end>
            </tw>
            <quantity>10.0</quantity>
            <service_time>90.0</service_time>
        </request>
        <request id="20" node="20">
            <tw>
                <start>10</start>
                <end>77</end>
            </tw>
            <quantity>10.0</quantity>
            <service_time>90.0</service_time>
        </request>
        <request id="21" node="21">
            <tw>
                <start>918</start>
                <end>961</end>
            </tw>
            <quantity>20.0</quantity>
            <service_time>90.0</service_time>
        </request>
        <request id="22" node="22">
            <tw>
                <start>806</start>
                <end>889</end>
            </tw>
            <quantity>20.0</quantity>
            <service_time>90.0</service_time>
        </request>
        <request id="23" node="23">
            <tw>
                <start>739</start>
                <end>770</end>
            </tw>
            <quantity>10.0</quantity>
            <service_time>90.0</service_time>
        </request>
        <request id="24" node="24">
            <tw>
                <start>55</start>
                <end>154</end>
            </tw>
            <quantity>10.0</quantity>
            <service_time>90.0</service_time>
        </request>
        <request id="25" node="25">
            <tw>
                <start>172</start>
                <end>221</end>
            </tw>
            <quantity>40.0</quantity>
            <service_time>90.0</service_time>
        </request>
        <request id="26" node="26">
            <tw>
                <start>612</start>
                <end>711</end>
            </tw>
            <quantity>10.0</quantity>
            <service_time>90.0</service_time>
        </request>
        <request id="27" node="27">
            <tw>
                <start>264</start>
                <end>313</end>
            </tw>
            <quantity>10.0</quantity>
            <service_time>90.0</service_time>
        </request>
        <request id="28" node="28">
            <tw>
                <start>553</start>
                <end>586</end>
            </tw>
            <quantity>20.0</quantity>
            <service_time>90.0</service_time>
        </request>
        <request id="29" node="29">
            <tw>
                <start>365</start>
                <end>398</end>
            </tw>
            <quantity>10.0</quantity>
            <service_time>90.0</service_time>
        </request>
        <request id="30" node="30">
            <tw>
                <start>452</start>
                <end>501</end>
            </tw>
            <quantity>10.0</quantity>
            <service_time>90.0</service_time>
        </request>
        <request id="31" node="31">
            <tw>
                <start>204</start>
                <end>233</end>
            </tw>
            <quantity>20.0</quantity>
            <service_time>90.0</service_time>
        </request>
        <request id="32" node="32">
            <tw>
                <start>31</start>
                <end>189</end>
            </tw>
            <quantity>30.0</quantity>
            <service_time>90.0</service_time>
        </request>
        <request id="33" node="33">
            <tw>
                <start>42</start>
                <end>203</end>
            </tw>
            <quantity>40.0</quantity>
            <service_time>90.0</service_time>
        </request>
        <request id="34" node="34">
            <tw>
                <start>715</start>
                <end>852</end>
            </tw>
            <quantity>20.0</quantity>
            <service_time>90.0</service_time>
        </request>
        <request id="35" node="35">
            <tw>
                <start>251</start>
                <end>376</end>
            </tw>
            <quantity>10.0</quantity>
            <service_time>90.0</service_time>
        </request>
        <request id="36" node="36">
            <tw>
                <start>648</start>
                <end>733</end>
            </tw>
            <quantity>10.0</quantity>
            <service_time>90.0</service_time>
        </request>
        <request id="37" node="37">
            <tw>
                <start>365</start>
                <end>452</end>
            </tw>
            <quantity>20.0</quantity>
            <service_time>90.0</service_time>
        </request>
        <request id="38" node="38">
            <tw>
                <start>474</start>
                <end>527</end>
            </tw>
            <quantity>30.0</quantity>
            <service_time>90.0</service_time>
        </request>
        <request id="39" node="39">
            <tw>
                <start>541</start>
                <end>650</end>
            </tw>
            <quantity>20.0</quantity>
            <service_time>90.0</service_time>
        </request>
        <request id="40" node="40">
            <tw>
                <start>240</start>
                <end>345</end>
            </tw>
            <quantity>10.0</quantity>
            <service_time>90.0</service_time>
        </request>
        <request id="41" node="41">
            <tw>
                <start>123</start>
                <end>278</end>
            </tw>
            <quantity>10.0</quantity>
            <service_time>90.0</service_time>
        </request>
        <request id="42" node="42">
            <tw>
                <start>19</start>
                <end>225</end>
            </tw>
            <quantity>20.0</quantity>
            <service_time>90.0</service_time>
        </request>
        <request id="43" node="43">
            <tw>
                <start>16</start>
                <end>153</end>
            </tw>
            <quantity>10.0</quantity>
            <service_time>90.0</service_time>
        </request>
        <request id="44" node="44">
            <tw>
                <start>338</start>
                <end>433</end>
            </tw>
            <quantity>10.0</quantity>
            <service_time>90.0</service_time>
        </request>
        <request id="45" node="45">
            <tw>
                <start>513</start>
                <end>628</end>
            </tw>
            <quantity>10.0</quantity>
            <service_time>90.0</service_time>
        </request>
        <request id="46" node="46">
            <tw>
                <start>415</start>
                <end>542</end>
            </tw>
            <quantity>30.0</quantity>
            <service_time>90.0</service_time>
        </request>
        <request id="47" node="47">
            <tw>
                <start>872</start>
                <end>1127</end>
            </tw>
            <quantity>10.0</quantity>
            <service_time>90.0</service_time>
        </request>
        <request id="48" node="48">
            <tw>
                <start>599</start>
                <end>726</end>
            </tw>
            <quantity>10.0</quantity>
            <service_time>90.0</service_time>
        </request>
        <request id="49" node="49">
            <tw>
                <start>917</start>
                <end>1126</end>
            </tw>
            <quantity>10.0</quantity>
            <service_time>90.0</service_time>
        </request>
        <request id="50" node="50">
            <tw>
                <start>779</start>
                <end>916</end>
            </tw>
            <quantity>10.0</quantity>
            <service_time>90.0</service_time>
        </request>
        <request id="51" node="51">
            <tw>
                <start>695</start>
                <end>816</end>
            </tw>
            <quantity>10.0</quantity>
            <service_time>90.0</service_time>
        </request>
        <request id="52" node="52">
            <tw>
                <start>857</start>
                <end>1024</end>
            </tw>
            <quantity>10.0</quantity>
            <service_time>90.0</service_time>
        </request>
        <request id="53" node="53">
            <tw>
                <start>221</start>
                <end>412</end>
            </tw>
            <quantity>20.0</quantity>
            <service_time>90.0</service_time>
        </request>
        <request id="54" node="54">
            <tw>
                <start>96</start>
                <end>347</end>
            </tw>
            <quantity>40.0</quantity>
            <service_time>90.0</service_time>
        </request>
        <request id="55" node="55">
            <tw>
                <start>35</start>
                <end>233</end>
            </tw>
            <quantity>10.0</quantity>
            <service_time>90.0</service_time>
        </request>
        <request id="56" node="56">
            <tw>
                <start>347</start>
                <end>474</end>
            </tw>
            <quantity>30.0</quantity>
            <service_time>90.0</service_time>
        </request>
        <request id="57" node="57">
            <tw>
                <start>35</start>
                <end>172</end>
            </tw>
            <quantity>40.0</quantity>
            <service_time>90.0</service_time>
        </request>
        <request id="58" node="58">
            <tw>
                <start>403</start>
                <end>602</end>
            </tw>
            <quantity>30.0</quantity>
            <service_time>90.0</service_time>
        </request>
        <request id="59" node="59">
            <tw>
                <start>521</start>
                <end>870</end>
            </tw>
            <quantity>10.0</quantity>
            <service_time>90.0</service_time>
        </request>
        <request id="60" node="60">
            <tw>
                <start>487</start>
                <end>704</end>
            </tw>
            <quantity>20.0</quantity>
            <service_time>90.0</service_time>
        </request>
        <request id="61" node="61">
            <tw>
                <start>422</start>
                <end>719</end>
            </tw>
            <quantity>10.0</quantity>
            <service_time>90.0</service_time>
        </request>
        <request id="62" node="62">
            <tw>
                <start>217</start>
                <end>362</end>
            </tw>
            <quantity>20.0</quantity>
            <service_time>90.0</service_time>
        </request>
        <request id="63" node="63">
            <tw>
                <start>142</start>
                <end>247</end>
            </tw>
            <quantity>50.0</quantity>
            <service_time>90.0</service_time>
        </request>
        <request id="64" node="64">
            <tw>
                <start>567</start>
                <end>758</end>
            </tw>
            <quantity>10.0</quantity>
            <service_time>90.0</service_time>
        </request>
        <request id="65" node="65">
            <tw>
                <start>34</start>
                <end>171</end>
            </tw>
            <quantity>10.0</quantity>
            <service_time>90.0</service_time>
        </request>
        <request id="66" node="66">
            <tw>
                <start>794</start>
                <end>907</end>
            </tw>
            <quantity>10.0</quantity>
            <service_time>90.0</service_time>
        </request>
        <request id="67" node="67">
            <tw>
                <start>12</start>
                <end>226</end>
            </tw>
            <quantity>10.0</quantity>
            <service_time>90.0</service_time>
        </request>
        <request id="68" node="68">
            <tw>
                <start>716</start>
                <end>795</end>
            </tw>
            <quantity>10.0</quantity>
            <service_time>90.0</service_time>
        </request>
        <request id="69" node="69">
            <tw>
                <start>873</start>
                <end>1012</end>
            </tw>
            <quantity>10.0</quantity>
            <service_time>90.0</service_time>
        </request>
        <request id="70" node="70">
            <tw>
                <start>266</start>
                <end>577</end>
            </tw>
            <quantity>30.0</quantity>
            <service_time>90.0</service_time>
        </request>
        <request id="71" node="71">
            <tw>
                <start>181</start>
                <end>472</end>
            </tw>
            <quantity>20.0</quantity>
            <service_time>90.0</service_time>
        </request>
        <request id="72" node="72">
            <tw>
                <start>402</start>
                <end>553</end>
            </tw>
            <quantity>10.0</quantity>
            <service_time>90.0</service_time>
        </request>
        <request id="73" node="73">
            <tw>
                <start>345</start>
                <end>684</end>
            </tw>
            <quantity>10.0</quantity>
            <service_time>90.0</service_time>
        </request>
        <request id="74" node="74">
            <tw>
                <start>294</start>
                <end>471</end>
            </tw>
            <quantity>50.0</quantity>
            <service_time>90.0</service_time>
        </request>
        <request id="75" node="75">
            <tw>
                <start>951</start>
                <end>1114</end>
            </tw>
            <quantity>20.0</quantity>
            <service_time>90.0</service_time>
        </request>
        <request id="76" node="76">
            <tw>
                <start>153</start>
                <end>310</end>
            </tw>
            <quantity>10.0</quantity>
            <service_time>90.0</service_time>
        </request>
        <request id="77" node="77">
            <tw>
                <start>450</start>
                <end>767</end>
            </tw>
            <quantity>10.0</quantity>
            <service_time>90.0</service_time>
        </request>
        <request id="78" node="78">
            <tw>
                <start>50</start>
                <end>237</end>
            </tw>
            <quantity>20.0</quantity>
            <service_time>90.0</service_time>
        </request>
        <request id="79" node="79">
            <tw>
                <start>567</start>
                <end>832</end>
            </tw>
            <quantity>10.0</quantity>
            <service_time>90.0</service_time>
        </request>
        <request id="80" node="80">
            <tw>
                <start>713</start>
                <end>876</end>
            </tw>
            <quantity>10.0</quantity>
            <service_time>90.0</service_time>
        </request>
        <request id="81" node="81">
            <tw>
                <start>47</start>
                <end>331</end>
            </tw>
            <quantity>30.0</quantity>
            <service_time>90.0</service_time>
        </request>
        <request id="82" node="82">
            <tw>
                <start>311</start>
                <end>478</end>
            </tw>
            <quantity>20.0</quantity>
            <service_time>90.0</service_time>
        </request>
        <request id="83" node="83">
            <tw>
                <start>127</start>
                <end>476</end>
            </tw>
            <quantity>10.0</quantity>
            <service_time>90.0</service_time>
        </request>
        <request id="84" node="84">
            <tw>
                <start>349</start>
                <end>632</end>
            </tw>
            <quantity>20.0</quantity>
            <service_time>90.0</service_time>
        </request>
        <request id="85" node="85">
            <tw>
                <start>476</start>
                <end>691</end>
            </tw>
            <quantity>30.0</quantity>
            <service_time>90.0</service_time>
        </request>
        <request id="86" node="86">
            <tw>
                <start>67</start>
                <end>344</end>
            </tw>
            <quantity>10.0</quantity>
            <service_time>90.0</service_time>
        </request>
        <request id="87" node="87">
            <tw>
                <start>25</start>
                <end>256</end>
            </tw>
            <quantity>20.0</quantity>
            <service_time>90.0</service_time>
        </request>
        <request id="88" node="88">
            <tw>
                <start>546</start>
                <end>807</end>
            </tw>
            <quantity>30.0</quantity>
            <service_time>90.0</service_time>
        </request>
        <request id="89" node="89">
            <tw>
                <start>630</start>
                <end>909</end>
            </tw>
            <quantity>10.0</quantity>
            <service_time>90.0</service_time>
        </request>
        <request id="90" node="90">
            <tw>
                <start>20</start>
                <end>293</end>
            </tw>
            <quantity>10.0</quantity>
            <service_time>90.0</service_time>
        </request>
        <request id="91" node="91">
            <tw>
                <start>769</start>
                <end>956</end>
            </tw>
            <quantity>10.0</quantity>
            <service_time>90.0</service_time>
        </request>
        <request id="92" node="92">
            <tw>
                <start>229</start>
                <end>580</end>
            </tw>
            <quantity>20.0</quantity>
            <service_time>90.0</service_time>
        </request>
        <request id="93" node="93">
            <tw>
                <start>442</start>
                <end>551</end>
            </tw>
            <quantity>40.0</quantity>
            <service_time>90.0</service_time>
        </request>
        <request id="94" node="94">
            <tw>
                <start>227</start>
                <end>394</end>
            </tw>
            <quantity>10.0</quantity>
            <service_time>90.0</service_time>
        </request>
        <request id="95" node="95">
            <tw>
                <start>163</start>
                <end>272</end>
            </tw>
            <quantity>30.0</quantity>
            <service_time>90.0</service_time>
        </request>
        <request id="96" node="96">
            <tw>
                <start>36</start>
                <end>291</end>
            </tw>
            <quantity>10.0</quantity>
            <service_time>90.0</service_time>
        </request>
        <request id="97" node="97">
            <tw>
                <start>469</start>
                <end>714</end>
            </tw>
            <quantity>30.0</quantity>
            <service_time>90.0</service_time>
        </request>
        <request id="98" node="98">
            <tw>
                <start>30</start>
                <end>227</end>
            </tw>
            <quantity>20.0</quantity>
            <service_time>90.0</service_time>
        </request>
        <request id="99" node="99">
            <tw>
                <start>595</start>
                <end>968</end>
            </tw>
            <quantity>10.0</quantity>
            <service_time>90.0</service_time>
        </request>
        <request id="100" node="100">
            <tw>
                <start>493</start>
                <end>880</end>
            </tw>
            <quantity>20.0</quantity>
            <service_time>90.0</service_time>
        </request>
    </requests>
</instance>
