<?xml version="1.0" encoding="UTF-8" standalone="yes"?>
<instance>
    <info>
        <dataset>Solomon 1987 — Set C1</dataset>
        <name>C108_050</name>
    </info>
    <network>
        <nodes>
            <node id="0" type="0">
                <cx>40.0</cx>
                <cy>50.0</cy>
            </node>
            <node id="1" type="1">
                <cx>45.0</cx>
                <cy>68.0</cy>
            </node>
            <node id="2" type="1">
                <cx>45.0</cx>
                <cy>70.0</cy>
            </node>
            <node id="3" type="1">
                <cx>42.0</cx>
                <cy>66.0</cy>
            </node>
            <node id="4" type="1">
                <cx>42.0</cx>
                <cy>68.0</cy>
            </node>
            <node id="5" type="1">
                <cx>42.0</cx>
                <cy>65.0</cy>
            </node>
            <node id="6" type="1">
                <cx>40.0</cx>
                <cy>69.0</cy>
            </node>
            <node id="7" type="1">
                <cx>40.0</cx>
                <cy>66.0</cy>
            </node>
            <node id="8" type="1">
                <cx>38.0</cx>
                <cy>68.0</cy>
            </node>
            <node id="9" type="1">
                <cx>38.0</cx>
                <cy>70.0</cy>
            </node>
            <node id="10" type="1">
                <cx>35.0</cx>
                <cy>66.0</cy>
            </node>
            <node id="11" type="1">
                <cx>35.0</cx>
                <cy>69.0</cy>
            </node>
            <node id="12" type="1">
                <cx>25.0</cx>
                <cy>85.0</cy>
            </node>
            <node id="13" type="1">
                <cx>22.0</cx>
                <cy>75.0</cy>
            </node>
            <node id="14" type="1">
                <cx>22.0</cx>
                <cy>85.0</cy>
            </node>
            <node id="15" type="1">
                <cx>20.0</cx>
                <cy>80.0</cy>
            </node>
            <node id="16" type="1">
                <cx>20.0</cx>
                <cy>85.0</cy>
            </node>
            <node id="17" type="1">
                <cx>18.0</cx>
                <cy>75.0</cy>
            </node>
            <node id="18" type="1">
                <cx>15.0</cx>
                <cy>75.0</cy>
            </node>
            <node id="19" type="1">
                <cx>15.0</cx>
                <cy>80.0</cy>
            </node>
            <node id="20" type="1">
                <cx>30.0</cx>
                <cy>50.0</cy>
            </node>
            <node id="21" type="1">
                <cx>30.0</cx>
                <cy>52.0</cy>
            </node>
            <node id="22" type="1">
                <cx>28.0</cx>
                <cy>52.0</cy>
            </node>
            <node id="23" type="1">
                <cx>28.0</cx>
                <cy>55.0</cy>
            </node>
            <node id="24" type="1">
                <cx>25.0</cx>
                <cy>50.0</cy>
            </node>
            <node id="25" type="1">
                <cx>25.0</cx>
                <cy>52.0</cy>
            </node>
            <node id="26" type="1">
                <cx>25.0</cx>
                <cy>55.0</cy>
            </node>
            <node id="27" type="1">
                <cx>23.0</cx>
                <cy>52.0</cy>
            </node>
            <node id="28" type="1">
                <cx>23.0</cx>
                <cy>55.0</cy>
            </node>
            <node id="29" type="1">
                <cx>20.0</cx>
                <cy>50.0</cy>
            </node>
            <node id="30" type="1">
                <cx>20.0</cx>
                <cy>55.0</cy>
            </node>
            <node id="31" type="1">
                <cx>10.0</cx>
                <cy>35.0</cy>
            </node>
            <node id="32" type="1">
                <cx>10.0</cx>
                <cy>40.0</cy>
            </node>
            <node id="33" type="1">
                <cx>8.0</cx>
                <cy>40.0</cy>
            </node>
            <node id="34" type="1">
                <cx>8.0</cx>
                <cy>45.0</cy>
            </node>
            <node id="35" type="1">
                <cx>5.0</cx>
                <cy>35.0</cy>
            </node>
            <node id="36" type="1">
                <cx>5.0</cx>
                <cy>45.0</cy>
            </node>
            <node id="37" type="1">
                <cx>2.0</cx>
                <cy>40.0</cy>
            </node>
            <node id="38" type="1">
                <cx>0.0</cx>
                <cy>40.0</cy>
            </node>
            <node id="39" type="1">
                <cx>0.0</cx>
                <cy>45.0</cy>
            </node>
            <node id="40" type="1">
                <cx>35.0</cx>
                <cy>30.0</cy>
            </node>
            <node id="41" type="1">
                <cx>35.0</cx>
                <cy>32.0</cy>
            </node>
            <node id="42" type="1">
                <cx>33.0</cx>
                <cy>32.0</cy>
            </node>
            <node id="43" type="1">
                <cx>33.0</cx>
                <cy>35.0</cy>
            </node>
            <node id="44" type="1">
                <cx>32.0</cx>
                <cy>30.0</cy>
            </node>
            <node id="45" type="1">
                <cx>30.0</cx>
                <cy>30.0</cy>
            </node>
            <node id="46" type="1">
                <cx>30.0</cx>
                <cy>32.0</cy>
            </node>
            <node id="47" type="1">
                <cx>30.0</cx>
                <cy>35.0</cy>
            </node>
            <node id="48" type="1">
                <cx>28.0</cx>
                <cy>30.0</cy>
            </node>
            <node id="49" type="1">
                <cx>28.0</cx>
                <cy>35.0</cy>
            </node>
            <node id="50" type="1">
                <cx>26.0</cx>
                <cy>32.0</cy>
            </node>
        </nodes>
        <euclidean/>
        <decimals>0</decimals>
    </network>
    <fleet>
        <vehicle_profile type="0" number="25">
            <departure_node>0</departure_node>
            <arrival_node>0</arrival_node>
            <capacity>200.0</capacity>
            <max_travel_time>1236.0</max_travel_time>
        </vehicle_profile>
    </fleet>
    <requests>
        <request id="1" node="1">
            <tw>
                <start>830</start>
                <end>1049</end>
            </tw>
            <quantity>10.0</quantity>
            <service_time>90.0</service_time>
        </request>
        <request id="2" node="2">
            <tw>
                <start>756</start>
                <end>939</end>
            </tw>
            <quantity>30.0</quantity>
            <service_time>90.0</service_time>
        </request>
        <request id="3" node="3">
            <tw>
                <start>16</start>
                <end>336</end>
            </tw>
            <quantity>10.0</quantity>
            <service_time>90.0</service_time>
        </request>
        <request id="4" node="4">
            <tw>
                <start>643</start>
                <end>866</end>
            </tw>
            <quantity>10.0</quantity>
            <service_time>90.0</service_time>
        </request>
        <request id="5" node="5">
            <tw>
                <start>15</start>
                <end>226</end>
            </tw>
            <quantity>10.0</quantity>
            <service_time>90.0</service_time>
        </request>
        <request id="6" node="6">
            <tw>
                <start>499</start>
                <end>824</end>
            </tw>
            <quantity>20.0</quantity>
            <service_time>90.0</service_time>
        </request>
        <request id="7" node="7">
            <tw>
                <start>87</start>
                <end>308</end>
            </tw>
            <quantity>20.0</quantity>
            <service_time>90.0</service_time>
        </request>
        <request id="8" node="8">
            <tw>
                <start>150</start>
                <end>429</end>
            </tw>
            <quantity>20.0</quantity>
            <service_time>90.0</service_time>
        </request>
        <request id="9" node="9">
            <tw>
                <start>429</start>
                <end>710</end>
            </tw>
            <quantity>10.0</quantity>
            <service_time>90.0</service_time>
        </request>
        <request id="10" node="10">
            <tw>
                <start>279</start>
                <end>488</end>
            </tw>
            <quantity>10.0</quantity>
            <service_time>90.0</service_time>
        </request>
        <request id="11" node="11">
            <tw>
                <start>363</start>
                <end>590</end>
            </tw>
            <quantity>10.0</quantity>
            <service_time>90.0</service_time>
        </request>
        <request id="12" node="12">
            <tw>
                <start>547</start>
                <end>826</end>
            </tw>
            <quantity>20.0</quantity>
            <service_time>90.0</service_time>
        </request>
        <request id="13" node="13">
            <tw>
                <start>30</start>
                <end>280</end>
            </tw>
            <quantity>30.0</quantity>
            <service_time>90.0</service_time>
        </request>
        <request id="14" node="14">
            <tw>
                <start>489</start>
                <end>698</end>
            </tw>
            <quantity>10.0</quantity>
            <service_time>90.0</service_time>
        </request>
        <request id="15" node="15">
            <tw>
                <start>318</start>
                <end>495</end>
            </tw>
            <quantity>40.0</quantity>
            <service_time>90.0</service_time>
        </request>
        <request id="16" node="16">
            <tw>
                <start>394</start>
                <end>609</end>
            </tw>
            <quantity>40.0</quantity>
            <service_time>90.0</service_time>
        </request>
        <request id="17" node="17">
            <tw>
                <start>33</start>
                <end>226</end>
            </tw>
            <quantity>20.0</quantity>
            <service_time>90.0</service_time>
        </request>
        <request id="18" node="18">
            <tw>
                <start>68</start>
                <end>365</end>
            </tw>
            <quantity>20.0</quantity>
            <service_time>90.0</service_time>
        </request>
        <request id="19" node="19">
            <tw>
                <start>176</start>
                <end>447</end>
            </tw>
            <quantity>10.0</quantity>
            <service_time>90.0</service_time>
        </request>
        <request id="20" node="20">
            <tw>
                <start>10</start>
                <end>265</end>
            </tw>
            <quantity>10.0</quantity>
            <service_time>90.0</service_time>
        </request>
        <request id="21" node="21">
            <tw>
                <start>836</start>
                <end>1043</end>
            </tw>
            <quantity>20.0</quantity>
            <service_time>90.0</service_time>
        </request>
        <request id="22" node="22">
            <tw>
                <start>704</start>
                <end>991</end>
            </tw>
            <quantity>20.0</quantity>
            <service_time>90.0</service_time>
        </request>
        <request id="23" node="23">
            <tw>
                <start>664</start>
                <end>845</end>
            </tw>
            <quantity>10.0</quantity>
            <service_time>90.0</service_time>
        </request>
        <request id="24" node="24">
            <tw>
                <start>15</start>
                <end>333</end>
            </tw>
            <quantity>10.0</quantity>
            <service_time>90.0</service_time>
        </request>
        <request id="25" node="25">
            <tw>
                <start>88</start>
                <end>305</end>
            </tw>
            <quantity>40.0</quantity>
            <service_time>90.0</service_time>
        </request>
        <request id="26" node="26">
            <tw>
                <start>502</start>
                <end>821</end>
            </tw>
            <quantity>10.0</quantity>
            <service_time>90.0</service_time>
        </request>
        <request id="27" node="27">
            <tw>
                <start>179</start>
                <end>398</end>
            </tw>
            <quantity>10.0</quantity>
            <service_time>90.0</service_time>
        </request>
        <request id="28" node="28">
            <tw>
                <start>476</start>
                <end>663</end>
            </tw>
            <quantity>20.0</quantity>
            <service_time>90.0</service_time>
        </request>
        <request id="29" node="29">
            <tw>
                <start>288</start>
                <end>475</end>
            </tw>
            <quantity>10.0</quantity>
            <service_time>90.0</service_time>
        </request>
        <request id="30" node="30">
            <tw>
                <start>368</start>
                <end>585</end>
            </tw>
            <quantity>10.0</quantity>
            <service_time>90.0</service_time>
        </request>
        <request id="31" node="31">
            <tw>
                <start>144</start>
                <end>293</end>
            </tw>
            <quantity>20.0</quantity>
            <service_time>90.0</service_time>
        </request>
        <request id="32" node="32">
            <tw>
                <start>31</start>
                <end>309</end>
            </tw>
            <quantity>30.0</quantity>
            <service_time>90.0</service_time>
        </request>
        <request id="33" node="33">
            <tw>
                <start>33</start>
                <end>313</end>
            </tw>
            <quantity>40.0</quantity>
            <service_time>90.0</service_time>
        </request>
        <request id="34" node="34">
            <tw>
                <start>655</start>
                <end>912</end>
            </tw>
            <quantity>20.0</quantity>
            <service_time>90.0</service_time>
        </request>
        <request id="35" node="35">
            <tw>
                <start>191</start>
                <end>436</end>
            </tw>
            <quantity>10.0</quantity>
            <service_time>90.0</service_time>
        </request>
        <request id="36" node="36">
            <tw>
                <start>588</start>
                <end>793</end>
            </tw>
            <quantity>10.0</quantity>
            <service_time>90.0</service_time>
        </request>
        <request id="37" node="37">
            <tw>
                <start>305</start>
                <end>512</end>
            </tw>
            <quantity>20.0</quantity>
            <service_time>90.0</service_time>
        </request>
        <request id="38" node="38">
            <tw>
                <start>414</start>
                <end>587</end>
            </tw>
            <quantity>30.0</quantity>
            <service_time>90.0</service_time>
        </request>
        <request id="39" node="39">
            <tw>
                <start>481</start>
                <end>710</end>
            </tw>
            <quantity>20.0</quantity>
            <service_time>90.0</service_time>
        </request>
        <request id="40" node="40">
            <tw>
                <start>180</start>
                <end>405</end>
            </tw>
            <quantity>10.0</quantity>
            <service_time>90.0</service_time>
        </request>
        <request id="41" node="41">
            <tw>
                <start>63</start>
                <end>338</end>
            </tw>
            <quantity>10.0</quantity>
            <service_time>90.0</service_time>
        </request>
        <request id="42" node="42">
            <tw>
                <start>19</start>
                <end>345</end>
            </tw>
            <quantity>20.0</quantity>
            <service_time>90.0</service_time>
        </request>
        <request id="43" node="43">
            <tw>
                <start>16</start>
                <end>273</end>
            </tw>
            <quantity>10.0</quantity>
            <service_time>90.0</service_time>
        </request>
        <request id="44" node="44">
            <tw>
                <start>278</start>
                <end>493</end>
            </tw>
            <quantity>10.0</quantity>
            <service_time>90.0</service_time>
        </request>
        <request id="45" node="45">
            <tw>
                <start>453</start>
                <end>688</end>
            </tw>
            <quantity>10.0</quantity>
            <service_time>90.0</service_time>
        </request>
        <request id="46" node="46">
            <tw>
                <start>355</start>
                <end>602</end>
            </tw>
            <quantity>30.0</quantity>
            <service_time>90.0</service_time>
        </request>
        <request id="47" node="47">
            <tw>
                <start>837</start>
                <end>1127</end>
            </tw>
            <quantity>10.0</quantity>
            <service_time>90.0</service_time>
        </request>
        <request id="48" node="48">
            <tw>
                <start>539</start>
                <end>786</end>
            </tw>
            <quantity>10.0</quantity>
            <service_time>90.0</service_time>
        </request>
        <request id="49" node="49">
            <tw>
                <start>867</start>
                <end>1126</end>
            </tw>
            <quantity>10.0</quantity>
            <service_time>90.0</service_time>
        </request>
        <request id="50" node="50">
            <tw>
                <start>719</start>
                <end>976</end>
            </tw>
            <quantity>10.0</quantity>
            <service_time>90.0</service_time>
        </request>
    </requests>
</instance>
